paus,consum,tcp,kill,reconnect,pointer,slow,send,tail,jvm,sourc,downstream,spool,affect,surviv,requir,insert,server,set,continu,replay,connect,fail,collector,event,out,hdfs,detect,lack,someth,exit,reader,method,loo,bodi,add,sink,releas,valu,improve,thread,queue,amount,heartbeat,block,load,one,rpc,open,size,java,memori,top,system,messag,next,checkpoint,start,master,thrift,sort,bug,outofmemory,exception,default,remov,batch,remain,error,loop,flume,ctrl,process,lock,cluster,file,fill,decor,end,perform,branch,test,config,channel,node,determin,trace,exec,buffer,max,driver,grow,alloc,attempt,eof,scenario,directori,allow,time,push,cpu
0,0,0,0,0,0,0,0,0,0,0,0,0,0,0,0,0,0,0,0,0,0,0,0,6.0,0,0,0,0,0,0,0,0,0,0,1.0,0,1.0,0,0,0,0,0,0,0,0,0,0,0,0,0,0,0,0,0,0,0,0,0,0,0,0,0,0,0,0,3.0,1.0,0,0,0,1.0,0,0,0,0,0,1.0,0,0,0,0,2.0,0,6.0,0,0,0,0,0,0,0,0,0,0,0,0,0,0,0,2.0
0,0,0,0,0,0,0,0,0,1.0,0,0,0,0,0,1.0,0,0,2.0,0,0,0,0,0,6.0,0,0,0,0,0,0,0,0,0,0,0,0,0,1.0,0,0,0,1.0,0,0,0,0,0,0,0,1.0,5.0,0,0,0,0,0,0,1.0,0,0,0,0,0,1.0,0,0,0,0,0,0,0,1.0,0,0,0,0,0,0,0,0,0,0,0,0,0,0,0,0,0,0,0,1.0,0,0,0,0,1.0,0,0,0
0,0,0,0,0,0,0,0,0,0,0,0,0,0,0,0,1.0,0,0,0,0,0,0,0,0,0,0,0,0,0,0,0,0,0,0,0,0,0,0,0,0,0,0,1.0,0,0,0,0,0,0,0,0,0,0,0,0,0,0,0,0,0,1.0,0,0,0,0,0,0,0,0,0,0,0,0,0,0,0,0,0,0,1.0,2.0,0,0,6.0,1.0,0,0,0,0,1.0,0,0,0,0,0,0,0,0,0,0
0,0,0,0,0,0,0,0,0,0,0,0,0,0,0,0,0,0,0,0,0,0,2.0,2.0,0,0,0,0,0,0,0,0,0,0,1.0,0,0,0,0,0,0,0,0,0,0,0,0,0,0,3.0,0,0,0,0,0,0,0,0,0,0,0,0,0,0,0,0,0,0,0,1.0,0,0,0,0,0,6.0,0,0,0,0,0,0,2.0,0,0,0,0,0,0,0,0,0,0,0,0,0,0,0,0,0,0
0,0,0,0,0,0,0,0,0,0,4.0,0,0,0,0,0,0,0,0,0,0,0,0,0,6.0,0,0,0,0,0,0,0,0,1.0,0,0,3.0,0,0,0,0,0,0,0,1.0,0,2.0,2.0,0,0,0,0,0,0,0,0,0,0,0,1.0,0,0,0,0,0,0,0,0,0,0,0,0,0,0,0,0,0,0,0,0,0,0,0,0,0,0,0,0,0,0,0,0,0,0,0,0,0,0,0,0,0
0,1.0,1.0,0,0,0,0,0,0,0,4.0,0,0,0,0,0,0,1.0,0,0,0,0,0,0,0,2.0,0,0,0,0,0,0,0,0,0,0,0,0,0,0,1.0,0,0,0,0,2.0,0,0,0,0,0,5.0,0,0,1.0,0,0,0,0,0,0,0,2.0,3.0,0,0,0,0,0,0,0,0,0,1.0,0,0,0,0,0,0,0,0,0,0,0,0,0,0,1.0,0,0,2.0,0,0,0,0,0,0,0,0,0
0,0,0,0,0,0,0,0,0,0,0,0,0,0,0,0,0,0,0,0,0,0,2.0,0,0,0,0,0,0,0,0,0,0,0,0,0,0,0,0,0,0,0,0,0,0,0,0,0,0,3.0,0,0,0,0,0,0,0,2.0,0,0,0,0,0,3.0,0,0,0,0,0,0,0,0,0,0,0,6.0,0,0,0,0,0,0,0,4.0,0,0,0,0,0,2.0,0,2.0,0,0,0,0,0,0,0,0,0
0,0,0,0,0,0,0,0,0,0,0,0,0,0,0,0,0,0,0,0,0,0,0,2.0,6.0,0,0,0,0,1.0,0,0,0,0,0,0,3.0,0,0,0,0,0,0,0,0,0,0,0,0,0,0,5.0,0,0,0,0,0,0,0,0,0,0,0,0,0,0,0,0,3.0,0,0,0,0,0,1.0,0,0,0,0,0,0,2.0,0,0,6.0,0,0,0,0,0,0,0,0,0,0,0,0,0,0,1.0,0
0,0,0,0,1.0,0,0,0,0,0,0,0,0,0,0,0,0,0,0,0,0,0,0,0,0,2.0,0,0,1.0,0,2.0,0,0,0,0,0,0,0,0,0,0,0,0,0,0,0,0,2.0,0,0,0,5.0,0,0,0,0,0,0,0,0,0,0,2.0,0,0,0,3.0,0,3.0,0,0,0,0,0,0,0,0,0,0,0,0,0,0,0,6.0,0,2.0,0,0,0,0,0,0,1.0,0,0,0,0,0,0,0
0,0,0,1.0,0,0,0,1.0,1.0,0,4.0,1.0,0,0,0,0,0,0,0,0,0,0,0,0,0,0,0,0,0,0,2.0,0,0,0,0,0,0,0,0,0,0,0,0,0,0,0,0,0,0,0,0,0,0,0,0,0,0,0,0,0,0,0,0,3.0,0,0,0,0,0,0,0,0,0,0,0,6.0,1.0,0,0,0,0,0,0,4.0,0,0,0,1.0,0,0,0,0,0,0,0,1.0,0,0,0,0,0
0,0,0,0,0,0,0,0,0,0,0,0,0,0,1.0,0,0,0,2.0,0,0,1.0,0,0,0,0,1.0,0,0,0,0,0,0,0,0,0,3.0,0,0,0,0,0,0,0,0,2.0,0,0,1.0,0,0,5.0,0,1.0,0,0,0,0,0,0,0,0,0,0,0,0,3.0,0,3.0,0,0,0,0,0,0,6.0,0,0,0,0,0,0,0,0,6.0,0,0,0,0,2.0,0,0,0,0,0,0,0,0,0,0,0
1.0,0,0,0,0,0,0,0,0,0,0,0,0,0,0,0,0,0,0,0,2.0,0,0,0,0,0,0,0,0,0,0,0,0,0,0,0,0,0,0,0,0,0,0,0,0,0,0,0,0,0,0,0,0,0,0,0,0,0,0,0,0,0,0,0,0,0,0,0,0,0,0,0,0,0,0,0,0,0,0,0,0,0,0,4.0,0,0,0,0,0,0,0,0,0,0,1.0,0,0,0,2.0,0,0
0,0,0,0,0,1.0,1.0,0,0,0,0,0,0,1.0,0,0,0,0,0,0,2.0,0,0,0,6.0,0,0,1.0,0,0,0,0,1.0,0,0,0,0,0,0,1.0,0,1.0,0,0,0,0,2.0,0,0,3.0,0,0,1.0,0,0,0,1.0,0,0,0,1.0,0,0,0,0,1.0,0,0,0,0,1.0,0,0,0,0,6.0,0,0,1.0,0,0,0,0,4.0,0,0,2.0,0,0,0,0,0,0,0,0,0,0,0,2.0,0,0
0,0,0,0,0,0,0,0,0,0,4.0,0,1.0,0,0,0,0,0,0,1.0,0,0,0,0,6.0,0,0,0,0,0,0,1.0,0,0,0,0,0,0,0,0,0,0,0,0,0,0,0,0,0,0,0,0,0,0,0,1.0,0,2.0,0,0,0,0,0,0,0,0,0,0,0,0,0,0,0,0,0,6.0,0,0,0,1.0,0,0,0,0,6.0,0,0,0,0,0,0,0,0,0,0,0,1.0,0,0,0,2.0
